{
    "name": "Global Information",
    "numberOfRequests": {
        "total": 19350,
        "ok": 18204,
        "ko": 1146
    },
    "minResponseTime": {
        "total": 556,
        "ok": 556,
        "ko": 10178
    },
    "maxResponseTime": {
        "total": 60495,
        "ok": 59802,
        "ko": 60495
    },
    "meanResponseTime": {
        "total": 6062,
        "ok": 5564,
        "ko": 13967
    },
    "standardDeviation": {
        "total": 8507,
        "ok": 8323,
        "ko": 7435
    },
    "percentiles1": {
        "total": 1197,
        "ok": 865,
        "ko": 12236
    },
    "percentiles2": {
        "total": 10178,
        "ok": 8778,
        "ko": 13507
    },
    "percentiles3": {
        "total": 17479,
        "ok": 17440,
        "ko": 17639
    },
    "percentiles4": {
        "total": 48301,
        "ok": 46947,
        "ko": 60005
    },
    "group1": {
    "name": "t < 800 ms",
    "count": 8895,
    "percentage": 46
},
    "group2": {
    "name": "800 ms < t < 1200 ms",
    "count": 784,
    "percentage": 4
},
    "group3": {
    "name": "t > 1200 ms",
    "count": 8525,
    "percentage": 44
},
    "group4": {
    "name": "failed",
    "count": 1146,
    "percentage": 6
},
    "meanNumberOfRequestsPerSecond": {
        "total": 81.99152542372882,
        "ok": 77.13559322033899,
        "ko": 4.8559322033898304
    }
}